,City,Latitude,Longitude,Max Tempurature (F),Humidity (%),Cloudiness (%),Wind Speed (mph),Date
1,shubarkuduk,49.14,56.49,68.12600000000003,72.0,95,0.37,1597353718
3,upernavik,72.79,-56.15,40.06400000000002,92.0,100,11.24,1597353483
5,butaritari,3.07,172.79,81.51799999999997,69.0,100,0.98,1597353719
7,vardo,70.37,31.11,51.799999999999955,71.0,100,3.6,1597353720
11,ilulissat,69.22,-51.1,46.39999999999998,52.0,100,6.7,1597353720
13,thompson,55.74,-97.86,69.80000000000001,77.0,75,2.1,1597353720
15,hermanus,-34.42,19.23,42.99799999999999,93.0,0,0.45,1597353721
19,saint-philippe,-21.36,55.77,67.99999999999994,64.0,90,1.5,1597353722
21,guerrero negro,27.98,-114.06,86.08999999999997,31.0,21,7.85,1597353617
23,albany,42.6,-73.97,84.00200000000001,44.0,83,2.12,1597353603
25,salalah,17.02,54.09,76.99999999999994,94.0,90,2.6,1597353723
27,oruro,-17.98,-67.15,62.599999999999966,25.0,20,4.1,1597353606
29,ushuaia,-54.8,-68.3,31.999999999999943,91.0,40,11.3,1597353723
33,tuatapere,-46.13,167.68,37.99400000000003,92.0,0,1.34,1597353724
35,artigas,-30.4,-56.47,59.287999999999954,72.0,25,1.88,1597353724
37,new norfolk,-42.78,147.06,49.99999999999994,91.0,81,0.16,1597353724
39,zhigansk,66.77,123.37,41.036,85.0,0,8.36,1597353725
41,menongue,-14.66,17.69,58.87399999999997,32.0,2,2.13,1597353725
43,puerto ayora,-0.74,-90.35,78.80000000000001,61.0,99,2.6,1597353725
45,shitanjing,39.23,106.34,72.91400000000004,28.0,84,2.19,1597353725
49,namibe,-15.2,12.15,61.5739999999999,83.0,3,1.25,1597353726
51,bengkulu,-3.8,102.27,75.99200000000002,81.0,84,1.9,1597353726
55,smidovich,48.6,133.82,62.04199999999997,85.0,100,5.23,1597353727
57,port alfred,-33.59,26.89,55.18399999999991,73.0,0,5.76,1597353727
59,bandarbeyla,9.49,50.81,75.39799999999997,80.0,76,12.83,1597353728
61,moree,-29.47,149.85,53.599999999999966,66.0,90,3.1,1597353728
63,olafsvik,64.89,-23.71,49.51400000000001,81.0,50,7.23,1597353728
65,kodiak,57.79,-152.41,58.99999999999994,72.0,1,3.6,1597353497
67,barrow,71.29,-156.79,51.799999999999955,76.0,1,8.2,1597353729
69,tiksi,71.69,128.87,38.57000000000005,86.0,99,6.37,1597353729
71,hithadhoo,-0.6,73.08,82.07600000000008,71.0,63,1.31,1597353730
73,dingle,11,122.67,74.93,92.0,100,1.01,1597353730
79,busselton,-33.65,115.33,44.00600000000003,99.0,31,3.09,1597353587
81,murray bridge,-35.12,139.27,51.99799999999999,95.0,2,2.99,1597353731
83,chany,55.31,76.76,55.45400000000001,94.0,100,5.08,1597353731
85,rawson,-43.3,-65.1,52.286,48.0,89,1.04,1597353732
87,castro,-24.79,-50.01,65.10200000000003,68.0,31,1.94,1597353542
89,bredasdorp,-34.53,20.04,46.39999999999998,87.0,0,3.6,1597353732
90,mataura,-46.19,168.86,37.99400000000003,92.0,3,1.34,1597353733
91,esna,25.29,32.55,89.59999999999997,27.0,0,1.5,1597353733
92,kendari,-3.94,122.5,72.05000000000001,85.0,79,0.44,1597353733
93,jalu,29.03,21.55,82.97600000000006,46.0,0,6.28,1597353733
94,korla,41.76,86.15,76.74799999999999,35.0,59,3.8,1597353457
95,arraial do cabo,-22.97,-42.03,76.99999999999994,65.0,16,7.7,1597353733
96,inverell,-29.78,151.12,51.99799999999999,87.0,0,2.49,1597353733
97,wanning,18.8,110.4,81.37399999999997,84.0,100,4.21,1597353733
98,aksarka,66.56,67.8,41.81,79.0,0,1.94,1597353734
99,provideniya,64.38,-173.3,51.799999999999955,76.0,90,7,1597353734
100,mackay,-21.15,149.2,60.99799999999999,100.0,90,3.1,1597353665
101,maneadero,31.72,-116.57,89.99599999999992,23.0,96,4.47,1597353735
102,poya,-21.35,165.15,67.29800000000006,65.0,32,3.29,1597353735
103,bay roberts,47.6,-53.26,71.99599999999992,1.0,98,6,1597353735
104,college,64.86,-147.8,60.99799999999999,82.0,90,1.5,1597353735
105,saint anthony,45.02,-93.22,89.59999999999997,52.0,20,5.1,1597353735
106,qaanaaq,77.48,-69.36,39.99199999999996,71.0,61,2.37,1597353735
107,victoria,22.29,114.16,82.00399999999996,78.0,0,3.68,1597353679
108,belmonte,-15.86,-38.88,73.39999999999992,73.0,2,1.5,1597353736
109,atuona,-9.8,-139.03,78.09800000000001,78.0,46,8.52,1597353736
110,fortuna,40.6,-124.16,71.00600000000003,64.0,1,1.79,1597353736
111,halifax,44.65,-63.57,87.00799999999998,57.0,75,2.1,1597353491
112,shirokiy,49.76,129.52,63.1760000000001,96.0,100,7.61,1597353736
113,ukiah,39.15,-123.21,100.99399999999997,11.0,1,3.85,1597353736
114,saint-francois,46.42,3.91,66.99200000000002,88.0,96,1,1597353736
115,presidencia roque saenz pena,-26.79,-60.44,66.75799999999998,46.0,0,1.52,1597353503
117,wawa,9.9,4.42,76.72999999999996,89.0,100,1.55,1597353737
118,yellowknife,62.46,-114.35,62.00600000000003,77.0,75,3.1,1597353349
119,avarua,-21.21,-159.78,75.19999999999999,60.0,98,4.1,1597353642
120,axim,4.87,-2.24,74.74999999999994,80.0,0,4.05,1597353737
121,agadez,19.75,10.25,97.80799999999994,19.0,0,4.59,1597353737
122,longyearbyen,78.22,15.64,49.99999999999994,76.0,75,1.5,1597353738
123,hilo,19.73,-155.09,82.39999999999992,58.0,90,3.1,1597353560
124,rikitea,-23.12,-134.97,69.26000000000005,68.0,0,7.68,1597353738
125,esperance,-33.87,121.9,46.39999999999998,100.0,40,3.1,1597353738
126,nikolskoye,59.7,30.79,49.99999999999994,76.0,23,1,1597353738
127,semey,50.41,80.23,62.815999999999974,71.0,5,2.95,1597353738
128,saskylakh,71.92,114.08,38.803999999999974,81.0,53,1.76,1597353739
129,komsomolskiy,40.43,71.72,71.59999999999997,40.0,0,5.1,1597353739
130,port hardy,50.7,-127.42,57.19999999999999,82.0,90,2.1,1597353739
132,saldanha,-33.01,17.94,48.19999999999999,81.0,0,0.5,1597353739
134,ribeira grande,38.52,-28.7,75.19999999999999,69.0,20,2.1,1597353740
135,sao joao da barra,-21.64,-41.05,75.19999999999999,73.0,0,8.2,1597353740
136,alenquer,-1.94,-54.74,85.99999999999994,79.0,75,4.1,1597353740
138,hami,42.8,93.45,82.43599999999998,18.0,100,4.95,1597353741
139,roald,62.58,6.13,58.99999999999994,100.0,90,1.5,1597353741
140,xining,36.62,101.77,57.93799999999993,76.0,100,1.16,1597353741
141,gat,31.61,34.76,80.99599999999992,43.0,0,0.55,1597353741
142,chaiya,9.39,99.2,80.00600000000003,97.0,100,3.52,1597353741
143,kyren,51.68,102.14,57.02000000000004,66.0,6,0.67,1597353741
144,vila do maio,15.13,-23.22,80.59999999999997,78.0,20,3.1,1597353741
145,airai,-8.93,125.41,56.04800000000006,80.0,26,1.01,1597353742
146,brandon,27.94,-82.29,91.99399999999997,66.0,40,4.1,1597353553
147,wencheng,33.06,113.8,79.26799999999997,85.0,98,2.61,1597353742
148,mount isa,-20.73,139.5,60.80000000000001,77.0,1,3.1,1597353742
149,port lincoln,-34.73,135.87,53.113999999999976,88.0,2,6.07,1597353742
150,smithers,54.78,-127.17,60.80000000000001,51.0,75,2.6,1597353660
151,southbridge,42.08,-72.03,82.99399999999997,44.0,100,1.06,1597353559
152,taunggyi,20.78,97.03,62.95999999999998,100.0,100,1.44,1597353743
153,cabo san lucas,22.89,-109.91,89.99599999999992,55.0,5,6.2,1597353743
154,kapaa,22.08,-159.32,84.19999999999999,70.0,20,6.2,1597353743
155,geraldton,-28.77,114.6,48.19999999999999,87.0,5,4.6,1597353743
156,cidreira,-30.18,-50.21,60.061999999999955,94.0,99,3.39,1597353744
157,cacapava do sul,-30.51,-53.49,53.383999999999844,100.0,65,1.07,1597353744
158,tiarei,-17.53,-149.33,82.39999999999992,74.0,40,3.1,1597353744
159,maniitsoq,65.42,-52.9,45.01400000000001,70.0,39,3.96,1597353483
161,yantal,56.85,105.25,55.093999999999994,92.0,9,1.77,1597353744
162,denia,38.84,0.11,82.99399999999997,62.0,0,0.45,1597353744
163,ajdabiya,30.76,20.23,78.63799999999998,64.0,0,6.87,1597353745
164,tashtagol,52.77,87.89,53.113999999999976,81.0,64,0.91,1597353745
165,kavieng,-2.57,150.8,78.47600000000006,88.0,100,5.9,1597353745
166,avera,33.19,-82.53,93.19999999999999,62.0,90,3.6,1597353745
167,phonhong,18.5,102.42,74.28199999999998,95.0,100,1.03,1597353745
168,tayoltita,24.08,-105.93,86.25200000000001,55.0,25,2.31,1597353746
169,caraz,-9.05,-77.81,70.95200000000006,34.0,69,3.94,1597353746
171,nangong,37.36,115.37,74.44400000000002,95.0,0,2.74,1597353746
172,palmerston,-12.49,130.98,71.99599999999992,94.0,20,0.5,1597353746
173,bucerias,20.75,-105.33,85.99999999999994,74.0,75,4.1,1597353746
174,macapa,0.04,-51.07,91.39999999999992,59.0,20,2.6,1597353631
175,lagoa,39.05,-27.98,72.392,82.0,2,4.78,1597353747
177,itarema,-2.92,-39.92,78.88999999999993,73.0,88,7.77,1597353747
178,chokurdakh,70.63,147.92,38.19199999999995,77.0,100,2.6,1597353747
180,tuktoyaktuk,69.45,-133.04,53.599999999999966,71.0,75,3.6,1597353747
181,pinega,64.7,43.39,41.84599999999995,94.0,4,1.31,1597353747
183,nanortalik,60.14,-45.24,48.27199999999999,86.0,96,4.63,1597353748
184,cayenne,4.93,-52.33,80.59999999999997,83.0,32,1.5,1597353748
185,sorong,-0.88,131.25,79.214,84.0,100,4.37,1597353748
186,hirara,24.8,125.28,84.2899999999999,73.0,6,3.51,1597353748
187,hasaki,35.73,140.83,78.80000000000001,88.0,75,1.5,1597353748
188,mumford,5.26,-0.76,73.57999999999998,89.0,0,4.46,1597353749
189,bathsheba,13.22,-59.52,84.19999999999999,70.0,20,7.7,1597353749
190,srednekolymsk,67.45,153.68,44.329999999999984,81.0,100,4.14,1597353749
191,marrakesh,31.63,-8.01,84.19999999999999,45.0,40,4.1,1597353451
192,cariamanga,-4.33,-79.55,64.50799999999998,66.0,93,2.92,1597353749
193,tilichiki,60.47,166.1,50.46800000000002,78.0,100,3.93,1597353749
194,marsa matruh,31.35,27.25,78.80000000000001,78.0,0,4.1,1597353749
195,great yarmouth,52.61,1.73,64.99399999999997,99.0,69,1.79,1597353750
196,lebu,-37.62,-73.65,49.74799999999999,89.0,100,5.73,1597353750
197,hofn,64.25,-15.21,53.78000000000003,93.0,100,7.92,1597353750
198,port hedland,-20.32,118.57,51.799999999999955,71.0,0,2.6,1597353750
199,adrar,20.5,-10.07,97.53799999999995,28.0,91,3.98,1597353750
200,nehe,48.48,124.83,61.59199999999993,95.0,100,5.76,1597353750
201,waingapu,-9.66,120.26,74.858,85.0,29,2.53,1597353751
202,fort nelson,58.81,-122.7,60.80000000000001,72.0,75,3.6,1597353751
203,tasiilaq,65.61,-37.64,51.799999999999955,29.0,0,1.5,1597353751
204,nyandoma,61.67,40.2,44.40199999999999,91.0,15,1.26,1597353751
205,aklavik,68.22,-135.01,57.19999999999999,71.0,75,4.1,1597353751
206,storforshei,66.4,14.52,55.00399999999996,93.0,75,1.5,1597353752
207,crewe,53.1,-2.44,66.99200000000002,86.0,80,0.45,1597353493
208,chuy,-33.7,-53.46,49.44199999999995,70.0,0,1.03,1597353752
209,harper,4.38,-7.72,74.80399999999992,78.0,0,2.84,1597353752
210,sao filipe,14.9,-24.5,77.62999999999994,85.0,9,3.22,1597353752
211,baghmara,23.8,86.21,80.45599999999996,90.0,100,2.47,1597353753
212,teya,60.38,92.63,63.265999999999906,59.0,54,1.17,1597353753
213,oga,46.46,10.35,58.99999999999994,93.0,40,1,1597353753
214,biak,-0.91,122.88,74.74999999999994,66.0,89,2.45,1597353753
215,vostok,46.49,135.88,57.56,100.0,100,1.75,1597353753
216,bambous virieux,-20.34,57.76,69.99799999999999,77.0,75,3.6,1597353753
217,saint george,37.1,-113.58,103.99999999999994,14.0,1,2.6,1597353662
218,tabas,33.6,56.92,96.80000000000001,13.0,0,1,1597353754
219,marawi,8,124.29,73.99399999999997,96.0,90,0.89,1597353754
220,yershov,51.35,48.28,60.90799999999996,63.0,0,3.46,1597353754
221,makakilo city,21.35,-158.09,87.80000000000001,54.0,90,2.1,1597353754
222,muisne,0.6,-80.03,82.39999999999992,78.0,75,7.2,1597353754
223,igbo ora,7.43,3.28,73.29199999999997,87.0,66,3.53,1597353754
224,usagara,-2.68,33,70.142,75.0,85,0.87,1597353755
225,ancud,-41.87,-73.82,46.99400000000003,81.0,75,4.6,1597353755
226,mirnyy,62.54,113.96,39.19999999999999,80.0,20,5,1597353755
227,krasnoselkup,65.7,82.47,64.67000000000002,67.0,20,3.77,1597353755
228,cherskiy,68.75,161.3,41.773999999999944,90.0,100,1.63,1597353755
229,wajir,1.75,40.06,78.368,51.0,100,9.45,1597353756
230,kaiyuan,23.7,103.3,66.03799999999995,88.0,100,1.49,1597353756
231,islamkot,24.7,70.18,84.344,78.0,99,7.44,1597353756
232,xuddur,4.12,43.89,73.36399999999998,63.0,99,8.49,1597353756
233,mankato,44.16,-94,87.99799999999999,74.0,40,5.7,1597353672
234,abu samrah,35.3,37.18,73.31,62.0,0,3.65,1597353756
235,bubaque,11.28,-15.83,79.03399999999993,83.0,100,7.36,1597353757
236,grootfontein,-19.57,18.12,57.50600000000003,32.0,0,3.34,1597353757
237,santa cruz,-17.8,-63.17,66.19999999999999,93.0,75,6.7,1597353757
238,rorvik,64.86,11.24,58.99999999999994,100.0,75,3.6,1597353757
239,baykit,61.67,96.37,60.72800000000001,85.0,81,2.6,1597353757
240,miandrivazo,-19.52,45.47,68.88199999999989,53.0,0,0.52,1597353757
241,gamba,-2.65,10,73.77800000000008,85.0,100,3.15,1597353758
242,saint-joseph,-21.37,55.62,67.99999999999994,64.0,90,1.5,1597353758
243,pennagaram,12.13,77.9,73.31,83.0,100,1.14,1597353722
244,talcahuano,-36.72,-73.12,51.799999999999955,87.0,90,2.6,1597353758
245,beringovskiy,63.05,179.32,53.67199999999997,68.0,35,2.56,1597353758
246,zaysan,47.47,84.87,67.74799999999999,41.0,100,5.11,1597353758
247,hervey bay,-25.3,152.85,66.00200000000001,94.0,71,1.34,1597353758
248,ostrovnoy,68.05,39.51,46.057999999999936,80.0,76,4,1597353759
249,kadoma,34.73,135.58,84.00200000000001,88.0,40,1,1597353759
250,tadine,-21.55,167.88,69.63799999999998,74.0,39,5.37,1597353759
252,okha,53.57,142.95,56.28199999999998,73.0,0,2.23,1597353576
253,pevek,69.7,170.31,42.511999999999944,100.0,100,6.01,1597353759
254,vestmannaeyjar,63.44,-20.27,52.59199999999993,97.0,100,7.28,1597353759
255,ponta do sol,32.67,-17.1,73.39999999999992,64.0,20,4.1,1597353759
256,weligama,5.97,80.42,77.594,88.0,97,4.17,1597353760
257,houma,29.6,-90.72,87.99799999999999,78.0,1,1.5,1597353633
258,abha,18.22,42.51,71.59999999999997,88.0,28,2.1,1597353760
259,roseburg,43.22,-123.34,80.99599999999992,27.0,1,4.1,1597353760
260,andover,51.21,-1.48,67.99999999999994,88.0,100,3.6,1597353760
261,esmeraldas,-19.76,-44.31,78.80000000000001,53.0,20,3.1,1597353760
262,aanekoski,62.69,25.82,48.99199999999996,93.0,36,0.5,1597353760
263,lorengau,-2.02,147.27,81.41000000000003,77.0,73,2.26,1597353761
265,sertolovo,60.14,30.2,51.00799999999998,72.0,7,0.32,1597353761
266,hambantota,6.12,81.12,78.656,81.0,99,8.09,1597353761
267,sindi,20.8,78.87,73.39999999999992,94.0,90,3.1,1597353545
268,venkatagiri,13.97,79.58,79.7899999999999,74.0,100,2.38,1597353761
269,guarda,40.54,-7.27,62.995999999999924,75.0,0,1.79,1597353761
270,lazaro cardenas,17.96,-102.2,90.8239999999999,55.0,29,2.65,1597353761
271,tautira,-17.73,-149.15,82.39999999999992,74.0,40,3.1,1597353762
272,vila franca do campo,37.72,-25.43,73.39999999999992,78.0,75,1,1597353762
273,yar-sale,66.83,70.83,44.726000000000056,78.0,70,3.94,1597353762
274,kruisfontein,-34,24.73,48.99199999999996,86.0,0,3.13,1597353762
275,alice springs,-23.7,133.88,49.99999999999994,61.0,0,2.6,1597353762
276,vokhma,58.93,46.76,47.678000000000054,83.0,100,3.07,1597353763
277,agbor,6.25,6.19,72.32,88.0,54,2.43,1597353763
278,rockport,28.02,-97.05,93.19999999999999,56.0,1,5.7,1597353763
279,grenfell,-33.9,148.17,49.04599999999999,78.0,97,2.14,1597353763
280,contai,21.78,87.75,83.33600000000007,87.0,100,2.61,1597353763
281,kazuno,40.18,140.79,69.54800000000006,87.0,80,0.74,1597353763
282,ambilobe,-13.2,49.05,71.09599999999995,66.0,83,0.97,1597353763
283,bage,-31.33,-54.11,60.80000000000001,72.0,75,2.1,1597353677
284,kavaratti,10.57,72.64,81.57199999999995,79.0,100,7.47,1597353764
285,santiago,-33.46,-70.65,60.00799999999998,41.0,17,2.1,1597353527
286,narsaq,60.92,-46.05,55.39999999999992,62.0,74,2.1,1597353764
287,norman wells,65.28,-126.83,58.99999999999994,87.0,90,2.1,1597353764
288,tsimlyansk,47.65,42.1,63.283999999999935,58.0,0,4.14,1597353764
289,guider,9.93,13.95,73.79599999999999,92.0,99,0.57,1597353764
290,parfenyevo,58.48,43.41,52.01599999999996,65.0,100,3.47,1597353765
291,zaoyang,32.13,112.75,78.76399999999995,79.0,87,4.47,1597353765
292,hushitai,41.93,123.51,76.99999999999994,94.0,90,3,1597353765
294,kutum,14.2,24.67,77.23399999999987,65.0,18,4.16,1597353765
295,morehead,37.27,-87.18,82.39999999999992,78.0,75,2.01,1597353723
296,dunedin,-45.87,170.5,40.99999999999994,63.0,14,1.34,1597353765
297,laguna,38.42,-121.42,102.00200000000001,17.0,5,2.6,1597353765
298,mangrol,21.12,70.12,81.28399999999993,84.0,97,9.23,1597353766
299,mar del plata,-38,-57.56,55.39999999999992,54.0,0,2.6,1597353610
300,pacific grove,36.62,-121.92,87.00799999999998,53.0,1,2.33,1597353577
301,east london,-33.02,27.91,58.28000000000003,62.0,0,5.3,1597353766
302,stephenville,32.22,-98.2,102.19999999999999,20.0,1,4.1,1597353736
304,lasa,46.62,10.7,58.99999999999994,100.0,5,1.5,1597353766
305,itoman,26.12,127.67,84.19999999999999,89.0,40,3.1,1597353767
307,muroto,33.28,134.15,82.95799999999991,80.0,0,2.4,1597353767
308,cockburn town,21.46,-71.14,85.99999999999994,79.0,40,5.1,1597353767
309,asau,46.43,26.4,57.00200000000001,89.0,20,0.48,1597353767
312,sencha,50.25,33.35,53.599999999999966,83.0,45,2.92,1597353767
313,rawatbhata,24.93,75.58,77.48600000000005,91.0,100,4.41,1597353768
314,minab,27.15,57.08,89.59999999999997,79.0,1,1.5,1597353768
315,kasempa,-13.46,25.83,57.54199999999997,32.0,0,2.27,1597353768
316,myaundzha,63.05,147.19,47.08399999999989,64.0,100,3.42,1597353768
317,port macquarie,-31.43,152.92,53.00600000000003,98.0,0,2.19,1597353768
318,katsuura,35.13,140.3,82.39999999999992,83.0,75,2.6,1597353768
319,xinmin,41.99,122.83,76.99999999999994,94.0,90,3,1597353769
320,north bend,43.41,-124.22,80.00600000000003,55.0,1,9.8,1597353769
321,baytown,29.74,-94.98,93.99200000000002,63.0,8,3.13,1597353769
322,khandyga,62.67,135.6,40.45999999999998,84.0,0,1.74,1597353769
323,chern,53.45,36.91,50.37800000000004,93.0,74,3.98,1597353769
324,bambari,5.77,20.68,71.70799999999991,92.0,86,0.85,1597353769
325,carnarvon,-24.87,113.63,46.39999999999998,100.0,0,2.1,1597353597
327,lumeje,-11.55,20.78,64.88600000000002,26.0,0,2.62,1597353770
328,ferrol,43.48,-8.24,64.99399999999997,88.0,0,0.5,1597353770
329,mizdah,31.45,12.98,77.3239999999999,45.0,0,7.17,1597353770
330,manturovo,58.34,44.76,49.549999999999955,80.0,79,3.45,1597353770
331,kurumkan,54.3,110.3,60.26000000000005,82.0,97,0.19,1597353770
332,svetlaya,46.54,138.33,62.88799999999998,84.0,100,2.34,1597353770
333,flinders,-34.58,150.86,53.995999999999924,92.0,80,0.45,1597353771
334,severo-kurilsk,50.68,156.12,51.43999999999994,80.0,100,4.14,1597353771
335,coahuayana,18.73,-103.68,80.59999999999997,69.0,90,0.23,1597353771
336,ponta delgada,37.73,-25.67,73.39999999999992,78.0,75,1,1597353766
337,otradnoye,59.78,30.82,49.99999999999994,76.0,27,1,1597353771
338,lompoc,34.64,-120.46,76.99999999999994,56.0,1,5.7,1597353772
339,pisco,-13.7,-76.22,67.99999999999994,60.0,1,6.7,1597353742
340,belaya gora,68.53,146.42,44.74400000000003,75.0,96,3.67,1597353772
341,tongzi,28.78,105.09,74.10200000000003,92.0,98,0.63,1597353722
342,arawa,-6.21,155.54,79.64600000000002,78.0,86,1.59,1597353772
343,amapa,1,-52,85.42399999999992,64.0,83,1.03,1597353772
344,moron,-34.65,-58.62,62.995999999999924,33.0,6,2.1,1597353562
345,oktyabrskoye,43.06,44.74,64.39999999999992,93.0,95,1.16,1597353772
347,san patricio,19.22,-104.7,85.99999999999994,74.0,75,5.1,1597353773
348,kyabe,9.45,18.94,74.08399999999989,87.0,100,1.53,1597353773
349,tamandare,-8.76,-35.1,74.35399999999998,80.0,66,4.12,1597353773
350,kiama,-34.68,150.87,53.995999999999924,86.0,55,1.27,1597353773
351,grindavik,63.84,-22.43,49.99999999999994,93.0,75,6.2,1597353773
352,tessalit,20.2,1.01,95.41400000000004,32.0,70,2.71,1597353773
353,coquimbo,-29.95,-71.34,55.39999999999992,71.0,99,4.6,1597353773
354,mananara,-16.17,49.77,65.74999999999994,84.0,71,1.84,1597353774
355,pangody,65.85,74.49,48.19999999999999,90.0,100,8.32,1597353774
356,sangolqui,-0.33,-78.45,67.99999999999994,60.0,20,9.8,1597353774
357,novikovo,51.15,37.89,53.87000000000006,83.0,71,3.1,1597353774
358,jackson,42.42,-122.83,87.99799999999999,26.0,1,3.6,1597353774
359,pietarsaari,63.65,22.68,60.99799999999999,93.0,100,2.1,1597353775
360,mayumba,-3.43,10.66,73.77800000000008,84.0,100,1.82,1597353775
361,koutsouras,35.03,25.95,82.99399999999997,40.0,0,5.36,1597353775
362,devils lake,48.11,-98.87,78.80000000000001,65.0,20,3.14,1597353775
363,praia da vitoria,38.73,-27.07,73.39999999999992,83.0,75,4.24,1597353775
364,buala,-8.14,159.59,81.98600000000005,77.0,74,2.65,1597353775
365,vanderhoof,54.02,-124.02,65.67800000000005,33.0,0,4.02,1597353775
366,porto santo,33.07,-16.34,71.59999999999997,73.0,20,3.6,1597353776
367,san antonio,29.42,-98.49,100.99399999999997,27.0,1,5.1,1597353717
368,valley city,46.92,-98,87.80000000000001,58.0,20,3.1,1597353776
369,coos bay,43.37,-124.22,80.99599999999992,55.0,1,9.8,1597353776
370,quelimane,-17.88,36.89,66.2899999999999,89.0,0,1.67,1597353776
371,meulaboh,4.14,96.13,78.96199999999993,67.0,100,1.74,1597353776
372,shirgaon,19.7,72.7,78.96199999999993,89.0,100,9.73,1597353777
373,peace river,56.25,-117.29,64.39999999999992,52.0,75,7.2,1597353777
374,huilong,31.81,121.66,89.00600000000003,78.0,100,2.43,1597353777
375,alofi,-19.06,-169.92,78.80000000000001,83.0,75,3.1,1597353777
376,souillac,-20.52,57.52,69.80000000000001,77.0,75,3.6,1597353777
377,te anau,-45.42,167.72,31.44199999999995,95.0,19,0.37,1597353778
378,kihei,20.79,-156.47,87.80000000000001,55.0,40,9.3,1597353778
379,vila,42.03,-8.16,64.99399999999997,93.0,0,2.6,1597353778
380,kieta,-6.22,155.63,81.01399999999995,75.0,92,2.67,1597353778
381,najran,17.49,44.13,89.59999999999997,21.0,48,2.91,1597353778
383,esik,43.36,77.45,57.19999999999999,67.0,40,2,1597353779
384,kargasok,59.06,80.86,59.108000000000004,92.0,75,2.03,1597353779
385,klyuchi,52.27,79.17,60.386000000000024,89.0,84,3.7,1597353779
386,miri,4.41,114.01,75.19999999999999,94.0,20,2.1,1597353533
387,kenai,60.55,-151.26,62.599999999999966,63.0,40,1.5,1597353779
388,sorland,67.67,12.69,55.39999999999992,93.0,75,2.6,1597353779
389,abu kamal,34.45,40.92,88.17800000000005,21.0,0,6.42,1597353780
390,povenets,62.85,34.83,53.87000000000006,89.0,100,1.51,1597353713
391,broken hill,-31.95,141.43,51.799999999999955,93.0,90,5.1,1597353770
392,boa viagem,-5.13,-39.73,81.77000000000004,36.0,32,1.84,1597353780
393,sitka,57.05,-135.33,60.80000000000001,63.0,20,2.6,1597353780
394,arbuzynka,47.91,31.32,57.99200000000002,65.0,0,2.79,1597353780
395,pemangkat,1.17,108.97,76.92800000000005,88.0,94,3.08,1597353781
396,sulangan,11.14,123.72,80.83399999999989,78.0,100,2.82,1597353781
397,burns lake,54.23,-125.75,62.726000000000056,35.0,78,3.51,1597353781
398,cuaspud,0.86,-77.73,60.97999999999996,66.0,98,3.13,1597353781
399,san policarpo,12.18,125.51,77.44999999999999,86.0,90,2.69,1597353781
400,verkhnyaya inta,65.98,60.31,43.394000000000005,84.0,80,3.94,1597353781
402,lakes entrance,-37.88,147.98,48.99199999999996,95.0,38,2.88,1597353782
403,xinqing,48.23,129.5,64.65199999999999,93.0,100,6.7,1597353782
404,cassilandia,-19.11,-51.73,85.94599999999997,28.0,94,0.5,1597353782
405,ewa beach,21.32,-158.01,87.80000000000001,54.0,90,2.1,1597353561
406,yuancheng,36.65,107.79,65.55199999999996,66.0,69,1,1597353782
407,chaman,30.92,66.45,77.12600000000003,17.0,1,0.38,1597353782
408,skjervoy,70.03,20.97,51.88999999999993,91.0,100,0.53,1597353783
409,salym,60.06,71.48,49.37000000000006,72.0,100,3.9,1597353783
410,isangel,-19.55,169.27,72.03199999999998,77.0,57,6.08,1597353783
412,banjar,-8.19,114.97,78.80000000000001,100.0,40,5.1,1597353783
413,coihaique,-45.58,-72.07,40.99999999999994,75.0,40,1.5,1597353783
414,zavetnoye,47.12,43.89,64.50799999999998,49.0,0,3.03,1597353783
415,darnah,32.77,22.64,78.62000000000006,83.0,0,7.24,1597353783
416,goundam,16.41,-3.67,94.02800000000008,38.0,50,1.46,1597353784
417,pandua,23.08,88.28,84.19999999999999,94.0,40,1.5,1597353784
418,petropavlovsk-kamchatskiy,53.05,158.65,51.799999999999955,81.0,40,2,1597353784
419,sri aman,1.24,111.46,75.19999999999999,100.0,23,0.5,1597353484
420,syracuse,37.09,15.28,82.39999999999992,69.0,0,1.5,1597353784
421,hit,33.64,42.83,90.69800000000004,18.0,0,5.02,1597353784
422,talnakh,69.49,88.4,64.39999999999992,63.0,0,4,1597353784
423,songea,-10.68,35.65,58.099999999999966,80.0,0,0.99,1597353784
425,chake chake,-5.25,39.77,72.98600000000005,78.0,0,3.89,1597353785
426,mosquera,4.71,-74.23,62.599999999999966,59.0,75,4.1,1597353682
427,pafos,34.77,32.42,75.19999999999999,83.0,0,4.1,1597353785
428,pangkalanbuun,-2.68,111.62,74.69599999999997,97.0,82,0.93,1597353785
429,shubarshi,48.59,57.19,71.14999999999992,60.0,100,1.96,1597353785
430,mago,53.25,140.18,58.01000000000005,80.0,17,1.04,1597353785
431,marzuq,14.4,46.47,84.59599999999995,48.0,94,0.9,1597353786
432,royan,45.63,-1.03,67.99999999999994,94.0,90,4.6,1597353786
433,la paz,-16.5,-68.15,55.39999999999992,20.0,20,7.2,1597353486
434,batticaloa,7.71,81.69,78.74599999999992,74.0,100,2.55,1597353786
435,khani,41.96,42.96,67.99999999999994,88.0,75,2.6,1597353786
436,kabinda,-6.13,24.48,72.55399999999992,28.0,98,0.79,1597353787
437,san cristobal,7.77,-72.22,87.80000000000001,52.0,40,7.7,1597353661
438,sarahan,31.52,77.8,64.38199999999989,70.0,93,0.54,1597353787
439,eskhar,49.8,36.59,62.599999999999966,59.0,69,2,1597353787
440,magrath,49.42,-112.87,75.19999999999999,19.0,75,6.2,1597353603
441,kautokeino,69.01,23.04,52.39400000000006,93.0,100,3.72,1597353787
442,wellington,-41.29,174.78,48.19999999999999,76.0,100,6.2,1597353787
445,klaksvik,62.23,-6.59,49.99999999999994,87.0,0,2.6,1597353788
446,bariadi,-2.8,33.98,68.75600000000003,72.0,90,2.29,1597353788
447,nizhniy kuranakh,58.84,125.49,46.50799999999998,66.0,93,4.16,1597353788
448,gannan,47.91,123.5,60.88999999999993,95.0,100,4.82,1597353788
449,mahon,39.89,4.27,78.80000000000001,83.0,20,3.1,1597353788
450,sabang,5.89,95.32,83.06599999999997,68.0,100,1.84,1597353788
451,cap malheureux,-19.98,57.61,69.99799999999999,74.0,18,2.24,1597353789
452,siocon,7.71,122.14,78.22399999999999,81.0,95,1.24,1597353786
454,sal rei,16.18,-22.92,78.80000000000001,78.0,40,4.1,1597353789
455,tarabuco,-19.17,-64.92,59.57600000000008,32.0,0,5.38,1597353789
456,labuhan,-6.88,112.21,76.82,88.0,41,2.76,1597353789
457,mitchell,43.71,-98.03,89.59999999999997,59.0,1,8.7,1597353566
458,siilinjarvi,63.08,27.67,58.99999999999994,72.0,8,2.6,1597353790
459,pangnirtung,66.15,-65.71,46.39999999999998,81.0,75,8.2,1597353790
460,moose factory,51.26,-80.61,66.19999999999999,63.0,1,5.1,1597353790
461,ilorin,8.5,4.55,80.59999999999997,74.0,20,2.6,1597353790
463,ugoofaaru,5.67,73,81.94999999999999,77.0,97,3.66,1597353667
464,qui nhon,13.77,109.23,79.142,75.0,100,2.06,1597353790
465,kungurtug,50.6,97.52,49.82000000000005,84.0,100,0.33,1597353790
466,puerto madryn,-42.77,-65.04,54.22999999999996,48.0,83,2.28,1597353791
467,gondanglegi,-7.75,112.01,74.93,86.0,48,3.81,1597353791
468,havre-saint-pierre,50.23,-63.6,69.80000000000001,68.0,90,4.1,1597353791
469,bocanda,7.06,-4.5,74.57,77.0,0,1.21,1597353791
470,puerto madero,14.72,-92.42,91.39999999999992,59.0,40,4.1,1597353791
471,venado tuerto,-33.75,-61.97,64.00399999999996,23.0,0,0.89,1597353791
472,porto novo,6.5,2.6,74.37200000000001,86.0,92,3.81,1597353792
473,monrovia,6.3,-10.8,73.39999999999992,94.0,20,3.49,1597353792
474,bloomingdale,27.89,-82.24,93.19999999999999,67.0,1,1.5,1597353792
475,nouadhibou,20.93,-17.03,73.39999999999992,83.0,21,1,1597353792
476,egvekinot,66.32,-179.17,50.23399999999987,89.0,98,3.9,1597353792
477,huarmey,-10.07,-78.15,66.416,68.0,11,4.96,1597353792
478,falmouth,50.15,-5.07,66.00200000000001,93.0,53,3.1,1597353594
479,talara,-4.58,-81.27,64.57999999999998,83.0,100,9.45,1597353793
480,aguimes,27.91,-15.45,75.19999999999999,64.0,40,10.3,1597353793
481,gazanjyk,39.24,55.52,85.04599999999999,49.0,0,4.35,1597353793
482,severodvinsk,64.56,39.83,40.99999999999994,100.0,40,1.58,1597353747
483,bairiki,1.33,172.98,82.39999999999992,74.0,20,1.5,1597353793
484,kyra,49.58,111.98,51.72800000000001,87.0,95,2.58,1597353793
485,portland,45.52,-122.68,76.99999999999994,33.0,75,4.6,1597353240
486,nelson bay,-32.72,152.15,53.00600000000003,100.0,92,2.1,1597353793
487,sur,22.57,59.53,88.87999999999994,60.0,75,4.61,1597353794
488,sakata,38.92,139.85,74.93,86.0,78,2.68,1597353794
489,conceicao do araguaia,-8.26,-49.26,90.22999999999996,23.0,0,1.09,1597353794
490,fountain,38.68,-104.7,91.99399999999997,8.0,1,4.6,1597353794
491,careiro da varzea,-3.2,-59.81,89.59999999999997,66.0,40,1.5,1597353794
493,hualmay,-11.1,-77.61,64.07600000000008,71.0,28,5.87,1597353794
494,merauke,-8.47,140.33,75.92000000000002,87.0,30,4.29,1597353795
495,vanimo,-2.67,141.3,77.46800000000002,84.0,99,2.81,1597353795
496,zalaegerszeg,46.84,16.84,66.19999999999999,93.0,75,2.1,1597353795
497,rayon,19.14,-99.58,66.19999999999999,29.0,90,4.1,1597353795
498,colares,38.8,-9.45,69.00799999999998,82.0,40,5.7,1597353795
499,baruun-urt,46.68,113.28,54.01399999999995,87.0,100,4.12,1597353795
500,sebaco,12.85,-86.1,75.19999999999999,69.0,75,6.35,1597353795
501,adelfia,41,16.87,80.99599999999992,54.0,0,1.5,1597353796
502,quesnel,53,-122.5,66.19999999999999,39.0,20,2.1,1597353796
503,vranjska banja,42.55,21.99,64.99399999999997,79.0,0,1.84,1597353796
504,dhidhdhoo,6.88,73.1,81.62600000000003,78.0,100,4.81,1597353667
505,codrington,-38.27,141.97,46.363999999999976,94.0,12,4.46,1597353796
506,lyubymivka,46.81,33.57,64.76000000000005,54.0,0,3.84,1597353797
507,morecambe,54.07,-2.86,64.39999999999992,88.0,4,6.2,1597353721
508,jiexiu,37.02,111.91,72.75200000000001,54.0,0,1.06,1597353797
509,venancio aires,-29.61,-52.19,58.99999999999994,96.0,100,0.22,1597353797
510,vanavara,60.34,102.28,52.71800000000002,78.0,64,3.04,1597353797
511,rosario,-32.95,-60.64,66.00200000000001,20.0,0,2.6,1597353747
513,seddon,-37.81,144.89,55.00399999999996,87.0,90,3.6,1597353797
514,yumen,40.28,97.2,65.58800000000002,33.0,0,2.98,1597353798
515,san quintin,30.48,-115.95,80.22200000000004,47.0,54,5.41,1597353798
516,taoudenni,22.68,-3.98,97.05199999999996,32.0,75,9.32,1597353798
517,walvis bay,-22.96,14.51,55.00399999999996,87.0,0,3.1,1597353798
518,oussouye,12.48,-16.55,76.99999999999994,94.0,40,3.1,1597353798
519,margate,51.38,1.39,71.99599999999992,92.0,55,0.45,1597353703
520,sawai madhopur,25.98,76.37,80.618,86.0,100,2.91,1597353799
521,nkowakowa,-23.89,30.29,51.99799999999999,23.0,26,0.89,1597353799
522,la ronge,55.1,-105.28,71.59999999999997,37.0,40,7.2,1597353799
523,touros,-5.2,-35.46,76.99999999999994,83.0,20,4.1,1597353799
524,tutzing,47.91,11.28,64.39999999999992,88.0,91,0.5,1597353771
525,gela,37.08,14.23,78.00799999999998,61.0,0,0.5,1597353800
526,vila velha,-20.33,-40.29,78.00799999999998,73.0,2,5.7,1597353800
527,lavrentiya,65.58,-171,51.817999999999984,67.0,100,4.68,1597353800
528,nara,34.69,135.8,84.00200000000001,88.0,40,1,1597353800
529,tabou,4.42,-7.35,75.12799999999999,78.0,0,2.69,1597353800
530,pilar,-9.6,-35.96,73.39999999999992,88.0,75,1.5,1597353800
531,manoel urbano,-8.84,-69.26,94.262,37.0,69,0.77,1597353801
532,acapulco,16.86,-99.89,85.99999999999994,74.0,75,4.1,1597353797
533,seoul,37.57,126.98,80.59999999999997,83.0,1,2.1,1597353612
534,srandakan,-7.94,110.25,74.94800000000004,92.0,92,2.5,1597353801
535,sumbe,-11.21,13.84,69.90799999999996,90.0,82,1.53,1597353801
536,mahebourg,-20.41,57.7,69.80000000000001,77.0,75,3.6,1597353801
537,emborion,40.48,21.55,67.99999999999994,72.0,16,2.1,1597353801
538,ouallam,14.32,2.09,90.15799999999996,50.0,48,3.08,1597353802
539,jaisalmer,26.91,70.92,87.70999999999998,66.0,100,7.77,1597353802
540,reforma,18.1,-91.02,87.9260000000001,66.0,73,2.35,1597353802
541,lac du bonnet,50.25,-96.06,73.00399999999996,100.0,99,2.24,1597353802
542,troitskoye,52.98,84.68,57.18199999999996,92.0,59,2.92,1597353802
543,mendoza,-32.89,-68.83,64.39999999999992,8.0,0,4.6,1597353692
544,ruwi,23.6,58.55,85.99999999999994,89.0,84,3.6,1597353802
545,daru,-9.08,143.21,77.35999999999996,87.0,94,6.37,1597353803
546,newport,51.59,-3,67.99999999999994,89.0,68,5.04,1597353803
547,nemuro,43.32,145.57,57.811999999999955,87.0,48,5.11,1597353803
548,ekhabi,53.51,142.97,56.17399999999992,73.0,0,2.09,1597353803
549,skoghall,59.32,13.47,67.99999999999994,63.0,29,2.6,1597353803
550,passo de camaragibe,-9.24,-35.49,73.39999999999992,88.0,75,1.5,1597353803
551,kolpashevo,58.31,82.91,57.54199999999997,95.0,83,2.38,1597353804
552,aleksandrovskiy zavod,50.92,117.94,52.5739999999999,94.0,100,3,1597353804
553,pozo colorado,-23.49,-58.8,69.94400000000002,47.0,0,2.12,1597353804
554,vari,37.83,23.81,84.00200000000001,44.0,0,1,1597353804
555,kahului,20.89,-156.47,87.80000000000001,55.0,40,9.3,1597353804
556,mehamn,71.04,27.85,53.599999999999966,71.0,100,3.6,1597353804
557,lashio,22.93,97.75,70.10600000000005,100.0,100,0.54,1597353804
558,zhucheng,35.99,119.4,75.95599999999996,96.0,100,3.87,1597353805
559,staryy nadym,65.61,72.68,48.54199999999997,75.0,99,5.89,1597353805
560,chengde,40.97,117.94,67.44199999999995,86.0,0,1.28,1597353805
561,jala,21.08,-104.43,82.99399999999997,55.0,64,0.42,1597353805
562,omsukchan,62.53,155.8,53.14999999999992,74.0,74,4.59,1597353805
563,karpathos,35.51,27.21,78.80000000000001,78.0,0,5.7,1597353805
564,half moon bay,37.46,-122.43,91.00399999999996,72.0,1,2.1,1597353806
565,alyangula,-13.85,136.42,66.19999999999999,100.0,75,1.5,1597353806
566,archidona,37.1,-4.39,75.99200000000002,57.0,0,0.45,1597353806
567,teeli,51.03,90.23,51.42199999999997,75.0,1,0.7,1597353806
568,yatou,37.15,122.38,76.87399999999997,97.0,97,4.73,1597353806
569,marolambo,-20.05,48.12,56.56999999999999,86.0,2,1.17,1597353806
570,marstal,54.86,10.52,66.19999999999999,77.0,0,1.5,1597353807
571,gunjur,13.2,-16.73,78.80000000000001,94.0,40,2.6,1597353807
572,muli,2.92,73.57,83.76799999999997,64.0,99,2.5,1597353807
573,gizo,-8.1,156.84,81.96800000000002,80.0,92,7.87,1597353807
574,roura,4.73,-52.33,80.59999999999997,83.0,22,1.5,1597353808
575,polunochnoye,60.87,60.42,41.053999999999974,85.0,44,1.19,1597353808
576,vytegra,61.01,36.45,49.45999999999998,78.0,29,0.71,1597353808
577,prainha,-1.8,-53.48,91.18399999999991,42.0,99,1.76,1597353808
578,takaka,-40.85,172.8,51.00799999999998,76.0,100,2.24,1597353808
579,tarbagatay,51.48,107.36,55.39999999999992,100.0,40,2,1597353808
581,kushiro,42.98,144.37,58.783999999999935,84.0,85,4.04,1597353809
582,siguiri,11.67,-9.5,75.16400000000004,89.0,14,1.23,1597353809
583,deleni,47.47,26.88,67.99999999999994,42.0,27,1.5,1597353809
584,santa vitoria,-18.84,-50.12,83.76799999999997,28.0,0,0.58,1597353809
585,ust-kuyga,70.02,135.6,40.37000000000006,85.0,100,2.31,1597353809
586,asyut,27.18,31.18,84.19999999999999,48.0,0,6.2,1597353809
587,qaqortoq,60.72,-46.03,55.39999999999992,62.0,51,2.1,1597353810
588,tacoronte,28.48,-16.41,73.00399999999996,88.0,40,8.2,1597353810
589,berdigestyakh,62.1,126.7,39.95600000000002,84.0,0,3.2,1597353810
590,kokopo,-4.35,152.26,78.62000000000006,81.0,100,4.39,1597353810
591,san joaquin,10.26,-67.79,82.50799999999998,71.0,83,1.43,1597353810
593,burnie,-41.07,145.92,51.99799999999999,93.0,100,2.24,1597353810
594,ahipara,-35.17,173.17,53.276000000000124,77.0,100,2.72,1597353784
596,kathmandu,27.72,85.32,71.59999999999997,100.0,75,1.5,1597353540
597,paranhos,-23.89,-55.43,61.93399999999991,90.0,82,1.68,1597353811
598,ferkessedougou,9.6,-5.2,73.59800000000001,83.0,35,1.09,1597353811
600,pangoa,-12.12,-73,86.70200000000006,44.0,6,1.68,1597353784
601,dalvik,65.97,-18.53,60.80000000000001,59.0,75,7.2,1597353812
602,suleja,9.18,7.18,75.19999999999999,78.0,75,5.1,1597353812
603,isla aguada,18.78,-91.47,87.80000000000001,70.0,75,4.6,1597353812
604,charters towers,-20.1,146.27,59.702000000000055,95.0,14,3.09,1597353812
605,dwarka,22.24,68.97,83.12000000000006,82.0,92,9.78,1597353812
606,delmenhorst,53.05,8.62,76.99999999999994,57.0,97,3.6,1597353812
607,hay river,60.82,-115.8,58.99999999999994,82.0,75,4.1,1597353812
608,portree,57.41,-6.19,53.00600000000003,87.0,24,3.79,1597353813
609,kathu,7.92,98.33,76.99999999999994,100.0,75,1.5,1597353813
610,yinchuan,38.47,106.27,75.84800000000001,42.0,70,2.44,1597353813
611,concordia,-31.39,-58.02,64.39999999999992,48.0,0,2.1,1597353813
612,tolaga bay,-38.37,178.3,51.061999999999955,68.0,100,3.05,1597353813
613,jabonga,9.34,125.52,76.83800000000002,79.0,100,0.67,1597353813
614,smoky lake,54.12,-112.47,64.47200000000004,55.0,0,6.47,1597353813
615,doha,25.29,51.53,98.59999999999997,32.0,12,3.6,1597353577
616,zhuhai,22.28,113.57,82.39999999999992,88.0,20,3.1,1597353814
617,ortigueira,-24.21,-50.95,66.21800000000002,72.0,64,1.16,1597353814
618,kindu,-2.95,25.95,75.16400000000004,78.0,99,1.69,1597353814
619,clyde river,70.47,-68.59,46.39999999999998,81.0,75,4.6,1597353814
620,bud,39.45,-86.18,84.00200000000001,65.0,40,2.6,1597353814
621,farafangana,-22.82,47.83,64.38199999999989,84.0,0,3.05,1597353815
622,gornyy,55.12,83.91,56.821999999999946,91.0,72,2.5,1597353815
623,alta floresta,-9.88,-56.09,97.89799999999997,16.0,7,2.3,1597353815
624,westport,41.14,-73.36,78.00799999999998,83.0,20,2.1,1597353590
625,isla mujeres,21.23,-86.73,85.99999999999994,74.0,75,5.1,1597353815
626,hokitika,-42.72,170.97,46.72399999999993,61.0,22,2.79,1597353712
627,mporokoso,-9.37,30.12,60.88999999999993,31.0,99,3.47,1597353815
628,seidu,9.02,-10.6,67.01000000000005,98.0,12,0.66,1597353815
629,puerto lopez,4.08,-72.96,83.80399999999992,74.0,82,1.61,1597353816
630,buraydah,26.33,43.98,91.39999999999992,24.0,0,2.1,1597353656
631,bedesa,8.9,40.78,66.32600000000008,78.0,98,1.61,1597353816
632,verkhneye dubrovo,56.75,61.05,48.19999999999999,93.0,98,1,1597353816
633,amiens,49.9,2.3,75.19999999999999,64.0,78,3.6,1597353748
